ArraySize,Method,AbsoluteDiff,RelativeDiff,RuntimeSeconds
1024,Standard double sum,1.3713e-12,2.6784e-14,0.000003
1024,Pairwise summation,0.0000e+00,0.0000e+00,0.000017
1024,Kahan summation,0.0000e+00,0.0000e+00,0.000010
1024,Knuth summation,0.0000e+00,0.0000e+00,0.000010
1024,Long double precision,3.5527e-15,6.9389e-17,0.000005
2048,Standard double sum,2.8422e-13,2.7756e-15,0.000006
2048,Pairwise summation,0.0000e+00,0.0000e+00,0.000049
2048,Kahan summation,0.0000e+00,0.0000e+00,0.000020
2048,Knuth summation,0.0000e+00,0.0000e+00,0.000019
2048,Long double precision,7.1054e-15,6.9389e-17,0.000010
4096,Standard double sum,-3.2799e-11,-1.6015e-13,0.000030
4096,Pairwise summation,0.0000e+00,0.0000e+00,0.000067
4096,Kahan summation,0.0000e+00,0.0000e+00,0.000039
4096,Knuth summation,0.0000e+00,0.0000e+00,0.000040
4096,Long double precision,0.0000e+00,0.0000e+00,0.000019
8192,Standard double sum,-2.6262e-11,-6.4115e-14,0.000024
8192,Pairwise summation,0.0000e+00,0.0000e+00,0.000124
8192,Kahan summation,0.0000e+00,0.0000e+00,0.000080
8192,Knuth summation,0.0000e+00,0.0000e+00,0.000100
8192,Long double precision,5.6843e-14,1.3878e-16,0.000040
16384,Standard double sum,4.8158e-10,5.8786e-13,0.000050
16384,Pairwise summation,0.0000e+00,0.0000e+00,0.000366
16384,Kahan summation,0.0000e+00,0.0000e+00,0.000162
16384,Knuth summation,0.0000e+00,0.0000e+00,0.000205
16384,Long double precision,2.8422e-14,3.4694e-17,0.000082
32768,Standard double sum,3.3310e-10,2.0331e-13,0.000110
32768,Pairwise summation,0.0000e+00,0.0000e+00,0.000513
32768,Kahan summation,0.0000e+00,0.0000e+00,0.000406
32768,Knuth summation,0.0000e+00,0.0000e+00,0.000405
32768,Long double precision,-8.5265e-14,-5.2042e-17,0.000185
65536,Standard double sum,-4.2928e-10,-1.3101e-13,0.000207
65536,Pairwise summation,0.0000e+00,0.0000e+00,0.001023
65536,Kahan summation,0.0000e+00,0.0000e+00,0.000693
65536,Knuth summation,0.0000e+00,0.0000e+00,0.000677
65536,Long double precision,1.0516e-12,3.2092e-16,0.000414
131072,Standard double sum,9.2214e-09,1.4071e-12,0.000625
131072,Pairwise summation,0.0000e+00,0.0000e+00,0.002413
131072,Kahan summation,0.0000e+00,0.0000e+00,0.001488
131072,Knuth summation,0.0000e+00,0.0000e+00,0.001351
131072,Long double precision,4.2348e-12,6.4618e-16,0.000741
262144,Standard double sum,3.5974e-08,2.7446e-12,0.001537
262144,Pairwise summation,0.0000e+00,0.0000e+00,0.005265
262144,Kahan summation,0.0000e+00,0.0000e+00,0.002771
262144,Knuth summation,0.0000e+00,0.0000e+00,0.002864
262144,Long double precision,-1.1227e-11,-8.5652e-16,0.001729
524288,Standard double sum,-5.6617e-07,-2.1598e-11,0.002132
524288,Pairwise summation,0.0000e+00,0.0000e+00,0.006181
524288,Kahan summation,0.0000e+00,0.0000e+00,0.005214
524288,Knuth summation,0.0000e+00,0.0000e+00,0.005646
524288,Long double precision,-5.6701e-11,-2.1630e-15,0.002624
1048576,Standard double sum,4.9452e-07,9.4322e-12,0.003310
1048576,Pairwise summation,0.0000e+00,0.0000e+00,0.015646
1048576,Kahan summation,0.0000e+00,0.0000e+00,0.012033
1048576,Knuth summation,0.0000e+00,0.0000e+00,0.011699
1048576,Long double precision,-7.2973e-10,-1.3918e-14,0.006595
2097152,Standard double sum,3.5696e-06,3.4042e-11,0.007957
2097152,Pairwise summation,0.0000e+00,0.0000e+00,0.040285
2097152,Kahan summation,0.0000e+00,0.0000e+00,0.021997
2097152,Knuth summation,0.0000e+00,0.0000e+00,0.021505
2097152,Long double precision,2.8137e-09,2.6833e-14,0.008387
4194304,Standard double sum,-1.8891e-05,-9.0077e-11,0.016504
4194304,Pairwise summation,0.0000e+00,0.0000e+00,0.062984
4194304,Kahan summation,0.0000e+00,0.0000e+00,0.040166
4194304,Knuth summation,0.0000e+00,0.0000e+00,0.040777
4194304,Long double precision,5.8722e-10,2.8001e-15,0.025788
8388608,Standard double sum,4.3001e-05,1.0252e-10,0.030240
8388608,Pairwise summation,0.0000e+00,0.0000e+00,0.101060
8388608,Kahan summation,0.0000e+00,0.0000e+00,0.080070
8388608,Knuth summation,0.0000e+00,0.0000e+00,0.080054
8388608,Long double precision,-6.7196e-08,-1.6021e-13,0.036963
16777216,Standard double sum,1.4195e-05,1.6922e-11,0.055898
16777216,Pairwise summation,0.0000e+00,0.0000e+00,0.199226
16777216,Kahan summation,0.0000e+00,0.0000e+00,0.159501
16777216,Knuth summation,0.0000e+00,0.0000e+00,0.159735
16777216,Long double precision,-5.3750e-08,-6.4075e-14,0.101382
33554432,Standard double sum,-1.2641e-03,-7.5347e-10,0.108676
33554432,Pairwise summation,0.0000e+00,0.0000e+00,0.404723
33554432,Kahan summation,0.0000e+00,0.0000e+00,0.317658
33554432,Knuth summation,0.0000e+00,0.0000e+00,0.319785
33554432,Long double precision,9.8642e-07,5.8795e-13,0.207815
67108864,Standard double sum,-1.3793e-03,-4.1108e-10,0.250203
67108864,Pairwise summation,0.0000e+00,0.0000e+00,0.853213
67108864,Kahan summation,0.0000e+00,0.0000e+00,0.643459
67108864,Knuth summation,0.0000e+00,0.0000e+00,0.634572
67108864,Long double precision,6.8258e-07,2.0342e-13,0.410646
134217728,Standard double sum,-1.3329e-02,-1.9861e-09,0.430103
134217728,Pairwise summation,0.0000e+00,0.0000e+00,1.527826
134217728,Kahan summation,0.0000e+00,0.0000e+00,1.270283
134217728,Knuth summation,0.0000e+00,0.0000e+00,1.314371
134217728,Long double precision,-8.7879e-07,-1.3095e-13,0.600618